'id', 'username', 'email'
1, 'user1', 'user1@example.com'
2, 'user2', 'user2@example.com'
3, 'user3', 'user3@example.com'
4, 'user4', 'user4@example.com'
5, 'user5', 'user5@example.com'
6, 'user6', 'user6@example.com'
7, 'user7', 'user7@example.com'
8, 'user8', 'user8@example.com'
9, 'user9', 'user9@example.com'
10, 'user10', 'user10@example.com'
11, 'user11', 'user11@example.com'
12, 'user12', 'user12@example.com'
13, 'user13', 'user13@example.com'
14, 'user14', 'user14@example.com'
15, 'user15', 'user15@example.com'
16, 'user16', 'user16@example.com'
17, 'user17', 'user17@example.com'
18, 'user18', 'user18@example.com'
19, 'user19', 'user19@example.com'
20, 'user20', 'user20@example.com'