'Booking_Set', 'Seat_Number', 'FirstName', 'LastName', 'isAdult'
'NYR4L28UI4P2', 2, 'Sam', 'Convoy', 1
'NYR4L28UI4P2', 3, 'Olivia', 'Smith', 1
'NYR4L28UI4P2', 4, 'Liam', 'Brown', 0
'LRR6L21II8J5', 1, 'Alice', 'Doe', 1
'LRR6L21II8J5', 2, 'Ava', 'Davis', 1
'LRR6L21II8J5', 3, 'Sophia', 'Martinez', 1
'UYR4LEBUI6H5', 1, 'Sam', 'Convoy', 1
'JLU4LJMUI8H4', 1, 'Bob', 'Smith', 1
'JLU4LJMUI8H4', 1, 'Emma', 'Lee', 1
'JLU4LJMUI8H4', 1, 'Noah', 'Wilson', 1
'JLU4LJMUI8H4', 1, 'Logan', 'Taylor', 1
'SKH4LGUUIUBR', 1, 'Sam', 'Convoy', 1
'SKH4LGUUIUBR', 2, 'Olivia', 'Smith', 1
'SKH4LGUUIUBR', 3, 'Liam', 'Brown', 0
'AYH4L28UI5HN', 1, 'John', 'Doe', 1
'BGR4L4JUIKFV', 3, 'Jane', 'Smith', 1
'JYR7L28UIJF3', 10, 'Emily', 'Wilson', 1
'KYJ3928UIBF6', 13, 'Lucas', 'White', 1
'KYJ3928UIBF6', 14, 'Mia', 'Thompson', 1
'JIO4L28UIPN4', 13, 'Michael', 'Johnson', 1
'JIO4L28UIPN4', 14, 'Harper', 'Turner', 1
'LOU6L21IIKY5', 8, 'Alexander', 'Lewis', 1
'P754LEBUION6', 1, 'Isabella', 'Harris', 1
'P754LEBUION6', 2, 'Jackson', 'Hall', 1
'P754LEBUION6', 3, 'Aiden', 'Scott', 1
'P754LEBUION6', 4, 'Charlotte', 'Garcia', 1
'P3H4LJMUI2NJ', 2, 'John', 'Doe', 1
'7TY4LGUUI3HN', 10, 'Bob', 'Smith', 1
'7TY4LGUUI3HN', 11, 'Emma', 'Lee', 1
'7TY4LGUUI3HN', 12, 'Noah', 'Wilson', 1
'7TY4LGUUI3HN', 9, 'Logan', 'Taylor', 1
'W6B4L28UI4NH', 6, 'Daniel', 'Green', 1
'W6B4L28UI4NH', 7, 'Sofia', 'King', 1
'W6B4L28UI4NH', 8, 'Carter', 'Adams', 1
'P8J4L4JUINMK', 10, 'Samuel', 'Reed', 1
'W5T7L28UI0PK', 20, 'Grace', 'Moore', 1
'K783928UIUYT', 35, 'Sam', 'Convoy', 1
'K783928UIUYT', 36, 'Jack', 'Foster', 1
'K783928UIUYT', 37, 'Leo', 'Carter', 1
'K783928UIUYT', 40, 'Lily', 'James', 0
'K783928UIUYT', 41, 'Caleb', 'Adams', 0
'K783928UIUYT', 42, 'Zoey', 'Hall', 0
'K783928UIUYT', 38, 'Aubrey', 'Adams', 1
'K783928UIUYT', 39, 'Zoe', 'Turner', 1