'Guest_ID', 'Booking_Ref_ID'
'QYR6L8P07S2I', 'BUI7L6BNML60'
'YJ5P0G9M8NWD', 'DER7L6BNM0PK'
'2TX9M3L1ZVOW', 'IOPYJ6BNM7UK'
'YR7Q6S0J2K9F', 'JKILL6IU50PK'
'4P8K3H1E6Y7S', 'KSRU46IU5724'
'E2VX9L5J7HDB', 'KYJ3928UIBF6'
'W5G2D4M6R1F1', 'P8J4L4JUINMK'
'K7VX2N5U4I8B', 'W6B4L28UI4NH'
'X2U1J3N5P6H0', 'YTE99JMUI8H4'
'N0J9Z4R2T7UQ', '540023B2412P'
'V5O4A3K1D9XU', 'BANAL33009JJ'
'K4D6F9Y0T2PL', 'APPL3B72493E'
'L7O6Z1R9X8VM', '8934L9TYER97'
'T1I3G8Y7P4ZS', 'VBGT7T56JOPE'
'J2O1T9K7U0X5', '65YUL0O4G0LL'
'Y9Z2W5M8K4LA', 'NMNMR94UI0RT'
'G8V9H2I3P4Q5', 'IIIII3B2412P'
'O2U5X7E1W4V4', 'YJRT33300HJJ'
'D8Z6O0V4I9E7', 'P754LEBUION6'
'R3L6W1J4K8F0', 'LPR34067IYYY'
'Y0D8V1J7F6Q6', 'OOYUL45UIPOP'
'F3O9B7W6X2T4', '96787T56JO00'
'G4M6P0J8S3I1', 'UYTRL94UI453'
'N6Z5K9W2Q3X8', 'EEOII3B2493E'
'X4O1A6H3R9W2', '87PPP3300HJJ'
'B2Y1X9C7K6L0', '876U825UI0PK'
'S6V7W3M0T2L1', 'VGY6696II0OO'
'Y7O9U1S2F3H6', '980RTUUU0KTY'
'P2K3X7R6I0D8', 'FTYUL94UI075'
'R1P5K8S7D3W2', 'PLCPL0OUI023'
'I3P4J7Q6Z0T5', 'QWERL0O450UU'
'Y7O9U1S2FPPP', 'G78I4KIUI345'
'X5R7V0F1J4M6', 'OJ4583300HJJ'
'P7Q6D2S5W9M1', 'ZXP46YB2412P'
'T9X0U3L1H2E4', 'KOPL94UI10PK'
'P7Q6D2S5WL67', '9E47L944YYPK'
'N9R1X2Y7O8H6', 'LLRRL914Y5PE'
'D1B2G3Z4M5J6', 'WWWWLUUYY5PE'
'P479LOYUW9M1', 'OIU5675NH0PL'
'X5R7V0FLHTY2', 'OIU5675NRREE'
'LKI7VKL654WE', '8310I96NH0OP'
'T9X0U3L14794', 'UKL4NT340943'
'267KIYTBJJT1', '659UO43PO782'
'UIPOL4786GH1', 'UIO64PO78NHY'