'Username', 'Passport_ID', 'Address', 'Birth_Date', 'Gender', 'Email', 'Contact_Number'
'SamC', 'II789012', '123; Main St; Yishun; Singapore', '1995-03-15', 'Male', 'samc@example.com', '+6590123456'
'AliceD', 'NN789012', '456; Elm St; Bukit; Singapore', '1988-07-22', 'Female', 'aliced@example.com', '+6591234567'
'BobS', 'UU901234', '789; Oak St; Phra Nakhon; Bangkok; Thailand', '1979-11-05', 'Male', 'bobs@example.com', '+66811234567'
'JohnD', 'LL567890', '101; Pine St; Chachoengsao; Bangkok; Thailand', '2000-09-10', 'Male', 'johnd@example.com', '+66811234560'
'JaneS', 'MM123456', '202; Cedar St; Bangalore; India', '1998-12-18', 'Female', 'janes@example.com', '+916543210987'
'MichaelJ', 'DD123456', '303; Maple St; Mumbai; India', '1985-05-20', 'Male', 'michaelj@example.com', '+917654321098'
'EmilyW', 'DD789012', '45; New St; Chennai; India', '1997-04-03', 'Female', 'emilyw@example.com', '+918765432109'
'DavidB', 'HI8901FE', '505; Birch St; Mumbai; India', '1970-02-14', 'Male', 'davidb@example.com', '+919876543210'
'SophiaD', 'WX0123YZ', '67; Door St; Kolkata; India', '1996-08-29', 'Female', 'sophiad@example.com', '+915432109876'
'JamesL', 'BC2345UV', '707; Spruce St; Hydrabad; India', '1982-11-30', 'Male', 'jamesl@example.com', '+914321098765'
'OliviaM', 'WW345678', '909; Palm St; Colombo; Sri Lanka', '1999-01-14', 'Female', 'oliviam@example.com', '+94771234567'
'WilliamT', 'LM6789DC', '1011; Pineapple St; Hambanthota; Sri Lanka', '1994-06-25', 'Male', 'williamt@example.com', '+94782345678'
'AvaA', 'DE6789TS', '34; Sand St; Jakarta; Indonesia', '1993-07-01', 'Female', 'avaa@example.com', '+6281234567890'
'ElijahW', 'WX0123YZ', '1213; Orange St; Medan; Indonesia', '1989-09-12', 'Male', 'elijahw@example.com', '+6282345678901'
'MiaH', 'GH567890', '1415; Banana St; Jayapura; Indonesia', '1992-10-27', 'Female', 'miah@example.com', '+6283456789012'
'BenjaminM', 'FG4567GF', '89; Hold St; Chennai; India', '1991-12-05', 'Male', 'benjaminm@example.com', '+919876012345'
'CharlotteT', 'VW6789ZY', '1617; Mango St; Kerala; India', '1980-03-08', 'Female', 'charlottet@example.com', '+918765023456'
'IsabellaC', 'II567890', '45; Unity St; Gampaha; Sri Lanka', '1977-06-17', 'Female', 'isabellac@example.com', '+94793456789'
'AlexanderL', 'RS4567AZ', '1819; Peach St; Pune; India', '1998-05-08', 'Male', 'alexanderl@example.com', '+917654034567'
'GraceM', 'LM0123SR', '2021; Cherry St; Jakarta; Indonesia', '1983-08-03', 'Female', 'gracem@example.com', '+6284567890123'